{
  "project_info": {
    "project_number": "1088337982171",
    "project_id": "virtualconnectingapp",
    "storage_bucket": "virtualconnectingapp.appspot.com"
  },
  "client": [
    {
      "client_info": {
        "mobilesdk_app_id": "1:1088337982171:android:c2cad21b7a9d8ed47c12fe",
        "android_client_info": {
          "package_name": "com.example.virtualconnectingapp"
        }
      },
      "oauth_client": [
        {
          "client_id": "1088337982171-fsinfdtb94l9coi76t0h0883cidf986b.apps.googleusercontent.com",
          "client_type": 3
        }
      ],
      "api_key": [
        {
          "current_key": "AIzaSyBevtf37Y4SUJtH-hnduQAsyBg0noUEKuk"
        }
      ],
      "services": {
        "appinvite_service": {
          "other_platform_oauth_client": [
            {
              "client_id": "1088337982171-fsinfdtb94l9coi76t0h0883cidf986b.apps.googleusercontent.com",
              "client_type": 3
            }
          ]
        }
      }
    }
  ],
  "configuration_version": "1"
}